_id,marriageId,images
6555f2163e81ea2d38232947,6555f2133e81ea2d38232945,"['https://res.cloudinary.com/dud648ixu/image/upload/v1700131351/MaritalStatus/6555f2133e81ea2d38232945/6555f2163e81ea2d38232947/tmp-1-1700131347744.jpg', 'https://res.cloudinary.com/dud648ixu/image/upload/v1700131352/MaritalStatus/6555f2133e81ea2d38232945/6555f2163e81ea2d38232947/tmp-2-1700131347745.jpg', 'https://res.cloudinary.com/dud648ixu/image/upload/v1700131353/MaritalStatus/6555f2133e81ea2d38232945/6555f2163e81ea2d38232947/tmp-3-1700131347750.jpg', 'https://res.cloudinary.com/dud648ixu/image/upload/v1700131354/MaritalStatus/6555f2133e81ea2d38232945/6555f2163e81ea2d38232947/tmp-4-1700131347752.jpg', 'https://res.cloudinary.com/dud648ixu/image/upload/v1700131355/MaritalStatus/6555f2133e81ea2d38232945/6555f2163e81ea2d38232947/tmp-5-1700131347754.jpg', 'https://res.cloudinary.com/dud648ixu/image/upload/v1700131356/MaritalStatus/6555f2133e81ea2d38232945/6555f2163e81ea2d38232947/tmp-6-1700131347756.jpg']"
6555f2263e81ea2d3823294d,6555f2223e81ea2d3823294b,"['https://res.cloudinary.com/dud648ixu/image/upload/v1700131366/MaritalStatus/6555f2223e81ea2d3823294b/6555f2263e81ea2d3823294d/tmp-8-1700131362692.jpg', 'https://res.cloudinary.com/dud648ixu/image/upload/v1700131367/MaritalStatus/6555f2223e81ea2d3823294b/6555f2263e81ea2d3823294d/tmp-9-1700131362695.jpg', 'https://res.cloudinary.com/dud648ixu/image/upload/v1700131369/MaritalStatus/6555f2223e81ea2d3823294b/6555f2263e81ea2d3823294d/tmp-10-1700131362700.jpg', 'https://res.cloudinary.com/dud648ixu/image/upload/v1700131370/MaritalStatus/6555f2223e81ea2d3823294b/6555f2263e81ea2d3823294d/tmp-11-1700131362702.jpg', 'https://res.cloudinary.com/dud648ixu/image/upload/v1700131371/MaritalStatus/6555f2223e81ea2d3823294b/6555f2263e81ea2d3823294d/tmp-12-1700131362707.jpg', 'https://res.cloudinary.com/dud648ixu/image/upload/v1700131372/MaritalStatus/6555f2223e81ea2d3823294b/6555f2263e81ea2d3823294d/tmp-13-1700131362710.jpg']"
6555f2313e81ea2d38232953,6555f2303e81ea2d38232951,"['https://res.cloudinary.com/dud648ixu/image/upload/v1700131379/MaritalStatus/6555f2303e81ea2d38232951/6555f2313e81ea2d38232953/tmp-15-1700131376333.png', 'https://res.cloudinary.com/dud648ixu/image/upload/v1700131380/MaritalStatus/6555f2303e81ea2d38232951/6555f2313e81ea2d38232953/tmp-16-1700131376340.jpg', 'https://res.cloudinary.com/dud648ixu/image/upload/v1700131381/MaritalStatus/6555f2303e81ea2d38232951/6555f2313e81ea2d38232953/tmp-17-1700131376342.jpg', 'https://res.cloudinary.com/dud648ixu/image/upload/v1700131382/MaritalStatus/6555f2303e81ea2d38232951/6555f2313e81ea2d38232953/tmp-18-1700131376343.png', 'https://res.cloudinary.com/dud648ixu/image/upload/v1700131383/MaritalStatus/6555f2303e81ea2d38232951/6555f2313e81ea2d38232953/tmp-19-1700131376344.jpg', 'https://res.cloudinary.com/dud648ixu/image/upload/v1700131384/MaritalStatus/6555f2303e81ea2d38232951/6555f2313e81ea2d38232953/tmp-20-1700131376345.jpg']"
6555f2423e81ea2d38232959,6555f23e3e81ea2d38232957,"['https://res.cloudinary.com/dud648ixu/image/upload/v1700131395/MaritalStatus/6555f23e3e81ea2d38232957/6555f2423e81ea2d38232959/tmp-22-1700131390814.png', 'https://res.cloudinary.com/dud648ixu/image/upload/v1700131396/MaritalStatus/6555f23e3e81ea2d38232957/6555f2423e81ea2d38232959/tmp-23-1700131390817.jpg', 'https://res.cloudinary.com/dud648ixu/image/upload/v1700131396/MaritalStatus/6555f23e3e81ea2d38232957/6555f2423e81ea2d38232959/tmp-24-1700131390818.png', 'https://res.cloudinary.com/dud648ixu/image/upload/v1700131398/MaritalStatus/6555f23e3e81ea2d38232957/6555f2423e81ea2d38232959/tmp-25-1700131390819.jpg', 'https://res.cloudinary.com/dud648ixu/image/upload/v1700131398/MaritalStatus/6555f23e3e81ea2d38232957/6555f2423e81ea2d38232959/tmp-26-1700131390820.jpg', 'https://res.cloudinary.com/dud648ixu/image/upload/v1700131399/MaritalStatus/6555f23e3e81ea2d38232957/6555f2423e81ea2d38232959/tmp-27-1700131390820.jpg']"
6555f2523e81ea2d3823295f,6555f24e3e81ea2d3823295d,"['https://res.cloudinary.com/dud648ixu/image/upload/v1700131410/MaritalStatus/6555f24e3e81ea2d3823295d/6555f2523e81ea2d3823295f/tmp-29-1700131406433.jpg', 'https://res.cloudinary.com/dud648ixu/image/upload/v1700131411/MaritalStatus/6555f24e3e81ea2d3823295d/6555f2523e81ea2d3823295f/tmp-30-1700131406435.png', 'https://res.cloudinary.com/dud648ixu/image/upload/v1700131412/MaritalStatus/6555f24e3e81ea2d3823295d/6555f2523e81ea2d3823295f/tmp-31-1700131406436.jpg', 'https://res.cloudinary.com/dud648ixu/image/upload/v1700131413/MaritalStatus/6555f24e3e81ea2d3823295d/6555f2523e81ea2d3823295f/tmp-32-1700131406437.jpg', 'https://res.cloudinary.com/dud648ixu/image/upload/v1700131414/MaritalStatus/6555f24e3e81ea2d3823295d/6555f2523e81ea2d3823295f/tmp-33-1700131406438.jpg', 'https://res.cloudinary.com/dud648ixu/image/upload/v1700131415/MaritalStatus/6555f24e3e81ea2d3823295d/6555f2523e81ea2d3823295f/tmp-34-1700131406438.jpg']"
6555f2613e81ea2d38232965,6555f25d3e81ea2d38232963,"['https://res.cloudinary.com/dud648ixu/image/upload/v1700131426/MaritalStatus/6555f25d3e81ea2d38232963/6555f2613e81ea2d38232965/tmp-36-1700131421969.png', 'https://res.cloudinary.com/dud648ixu/image/upload/v1700131427/MaritalStatus/6555f25d3e81ea2d38232963/6555f2613e81ea2d38232965/tmp-37-1700131421969.jpg', 'https://res.cloudinary.com/dud648ixu/image/upload/v1700131428/MaritalStatus/6555f25d3e81ea2d38232963/6555f2613e81ea2d38232965/tmp-38-1700131421970.jpg', 'https://res.cloudinary.com/dud648ixu/image/upload/v1700131429/MaritalStatus/6555f25d3e81ea2d38232963/6555f2613e81ea2d38232965/tmp-39-1700131421970.jpg', 'https://res.cloudinary.com/dud648ixu/image/upload/v1700131430/MaritalStatus/6555f25d3e81ea2d38232963/6555f2613e81ea2d38232965/tmp-40-1700131421971.jpg', 'https://res.cloudinary.com/dud648ixu/image/upload/v1700131430/MaritalStatus/6555f25d3e81ea2d38232963/6555f2613e81ea2d38232965/tmp-41-1700131421971.jpg']"
6555f26c3e81ea2d3823296b,6555f26a3e81ea2d38232969,"['https://res.cloudinary.com/dud648ixu/image/upload/v1700131436/MaritalStatus/6555f26a3e81ea2d38232969/6555f26c3e81ea2d3823296b/tmp-43-1700131434573.jpg', 'https://res.cloudinary.com/dud648ixu/image/upload/v1700131437/MaritalStatus/6555f26a3e81ea2d38232969/6555f26c3e81ea2d3823296b/tmp-44-1700131434574.jpg', 'https://res.cloudinary.com/dud648ixu/image/upload/v1700131438/MaritalStatus/6555f26a3e81ea2d38232969/6555f26c3e81ea2d3823296b/tmp-45-1700131434574.jpg', 'https://res.cloudinary.com/dud648ixu/image/upload/v1700131439/MaritalStatus/6555f26a3e81ea2d38232969/6555f26c3e81ea2d3823296b/tmp-46-1700131434574.jpg', 'https://res.cloudinary.com/dud648ixu/image/upload/v1700131440/MaritalStatus/6555f26a3e81ea2d38232969/6555f26c3e81ea2d3823296b/tmp-47-1700131434575.jpg', 'https://res.cloudinary.com/dud648ixu/image/upload/v1700131441/MaritalStatus/6555f26a3e81ea2d38232969/6555f26c3e81ea2d3823296b/tmp-48-1700131434575.jpg']"
6555f2773e81ea2d38232971,6555f2753e81ea2d3823296f,"['https://res.cloudinary.com/dud648ixu/image/upload/v1700131447/MaritalStatus/6555f2753e81ea2d3823296f/6555f2773e81ea2d38232971/tmp-50-1700131445128.jpg', 'https://res.cloudinary.com/dud648ixu/image/upload/v1700131448/MaritalStatus/6555f2753e81ea2d3823296f/6555f2773e81ea2d38232971/tmp-51-1700131445129.jpg', 'https://res.cloudinary.com/dud648ixu/image/upload/v1700131449/MaritalStatus/6555f2753e81ea2d3823296f/6555f2773e81ea2d38232971/tmp-52-1700131445130.jpg', 'https://res.cloudinary.com/dud648ixu/image/upload/v1700131450/MaritalStatus/6555f2753e81ea2d3823296f/6555f2773e81ea2d38232971/tmp-53-1700131445131.jpg', 'https://res.cloudinary.com/dud648ixu/image/upload/v1700131451/MaritalStatus/6555f2753e81ea2d3823296f/6555f2773e81ea2d38232971/tmp-54-1700131445131.jpg', 'https://res.cloudinary.com/dud648ixu/image/upload/v1700131452/MaritalStatus/6555f2753e81ea2d3823296f/6555f2773e81ea2d38232971/tmp-55-1700131445132.jpg']"
6555f2893e81ea2d38232977,6555f2863e81ea2d38232975,"['https://res.cloudinary.com/dud648ixu/image/upload/v1700131465/MaritalStatus/6555f2863e81ea2d38232975/6555f2893e81ea2d38232977/tmp-57-1700131462025.jpg', 'https://res.cloudinary.com/dud648ixu/image/upload/v1700131466/MaritalStatus/6555f2863e81ea2d38232975/6555f2893e81ea2d38232977/tmp-58-1700131462027.jpg', 'https://res.cloudinary.com/dud648ixu/image/upload/v1700131467/MaritalStatus/6555f2863e81ea2d38232975/6555f2893e81ea2d38232977/tmp-59-1700131462029.jpg', 'https://res.cloudinary.com/dud648ixu/image/upload/v1700131468/MaritalStatus/6555f2863e81ea2d38232975/6555f2893e81ea2d38232977/tmp-60-1700131462030.jpg', 'https://res.cloudinary.com/dud648ixu/image/upload/v1700131469/MaritalStatus/6555f2863e81ea2d38232975/6555f2893e81ea2d38232977/tmp-61-1700131462030.jpg', 'https://res.cloudinary.com/dud648ixu/image/upload/v1700131470/MaritalStatus/6555f2863e81ea2d38232975/6555f2893e81ea2d38232977/tmp-62-1700131462031.jpg']"
6555f2993e81ea2d3823297d,6555f2953e81ea2d3823297b,"['https://res.cloudinary.com/dud648ixu/image/upload/v1700131481/MaritalStatus/6555f2953e81ea2d3823297b/6555f2993e81ea2d3823297d/tmp-64-1700131477223.jpg', 'https://res.cloudinary.com/dud648ixu/image/upload/v1700131482/MaritalStatus/6555f2953e81ea2d3823297b/6555f2993e81ea2d3823297d/tmp-65-1700131477225.png', 'https://res.cloudinary.com/dud648ixu/image/upload/v1700131483/MaritalStatus/6555f2953e81ea2d3823297b/6555f2993e81ea2d3823297d/tmp-66-1700131477226.jpg', 'https://res.cloudinary.com/dud648ixu/image/upload/v1700131484/MaritalStatus/6555f2953e81ea2d3823297b/6555f2993e81ea2d3823297d/tmp-67-1700131477227.jpg', 'https://res.cloudinary.com/dud648ixu/image/upload/v1700131486/MaritalStatus/6555f2953e81ea2d3823297b/6555f2993e81ea2d3823297d/tmp-68-1700131477227.png', 'https://res.cloudinary.com/dud648ixu/image/upload/v1700131487/MaritalStatus/6555f2953e81ea2d3823297b/6555f2993e81ea2d3823297d/tmp-69-1700131477230.jpg']"
6555f2a43e81ea2d38232983,6555f2a23e81ea2d38232981,"['https://res.cloudinary.com/dud648ixu/image/upload/v1700131493/MaritalStatus/6555f2a23e81ea2d38232981/6555f2a43e81ea2d38232983/tmp-71-1700131490631.jpg', 'https://res.cloudinary.com/dud648ixu/image/upload/v1700131494/MaritalStatus/6555f2a23e81ea2d38232981/6555f2a43e81ea2d38232983/tmp-72-1700131490633.png', 'https://res.cloudinary.com/dud648ixu/image/upload/v1700131495/MaritalStatus/6555f2a23e81ea2d38232981/6555f2a43e81ea2d38232983/tmp-73-1700131490637.jpg', 'https://res.cloudinary.com/dud648ixu/image/upload/v1700131496/MaritalStatus/6555f2a23e81ea2d38232981/6555f2a43e81ea2d38232983/tmp-74-1700131490637.jpg', 'https://res.cloudinary.com/dud648ixu/image/upload/v1700131497/MaritalStatus/6555f2a23e81ea2d38232981/6555f2a43e81ea2d38232983/tmp-75-1700131490638.jpg', 'https://res.cloudinary.com/dud648ixu/image/upload/v1700131499/MaritalStatus/6555f2a23e81ea2d38232981/6555f2a43e81ea2d38232983/tmp-76-1700131490638.jpg']"
6555f2b53e81ea2d38232989,6555f2b13e81ea2d38232987,"['https://res.cloudinary.com/dud648ixu/image/upload/v1700131509/MaritalStatus/6555f2b13e81ea2d38232987/6555f2b53e81ea2d38232989/tmp-78-1700131505831.png', 'https://res.cloudinary.com/dud648ixu/image/upload/v1700131510/MaritalStatus/6555f2b13e81ea2d38232987/6555f2b53e81ea2d38232989/tmp-79-1700131505834.png', 'https://res.cloudinary.com/dud648ixu/image/upload/v1700131511/MaritalStatus/6555f2b13e81ea2d38232987/6555f2b53e81ea2d38232989/tmp-80-1700131505837.png', 'https://res.cloudinary.com/dud648ixu/image/upload/v1700131512/MaritalStatus/6555f2b13e81ea2d38232987/6555f2b53e81ea2d38232989/tmp-81-1700131505839.jpg', 'https://res.cloudinary.com/dud648ixu/image/upload/v1700131513/MaritalStatus/6555f2b13e81ea2d38232987/6555f2b53e81ea2d38232989/tmp-82-1700131505840.jpg', 'https://res.cloudinary.com/dud648ixu/image/upload/v1700131514/MaritalStatus/6555f2b13e81ea2d38232987/6555f2b53e81ea2d38232989/tmp-83-1700131505840.jpg']"
6555f2c43e81ea2d3823298f,6555f2c13e81ea2d3823298d,"['https://res.cloudinary.com/dud648ixu/image/upload/v1700131525/MaritalStatus/6555f2c13e81ea2d3823298d/6555f2c43e81ea2d3823298f/tmp-85-1700131521415.png', 'https://res.cloudinary.com/dud648ixu/image/upload/v1700131526/MaritalStatus/6555f2c13e81ea2d3823298d/6555f2c43e81ea2d3823298f/tmp-86-1700131521417.jpg', 'https://res.cloudinary.com/dud648ixu/image/upload/v1700131527/MaritalStatus/6555f2c13e81ea2d3823298d/6555f2c43e81ea2d3823298f/tmp-87-1700131521417.jpg', 'https://res.cloudinary.com/dud648ixu/image/upload/v1700131528/MaritalStatus/6555f2c13e81ea2d3823298d/6555f2c43e81ea2d3823298f/tmp-88-1700131521418.png', 'https://res.cloudinary.com/dud648ixu/image/upload/v1700131529/MaritalStatus/6555f2c13e81ea2d3823298d/6555f2c43e81ea2d3823298f/tmp-89-1700131521419.jpg', 'https://res.cloudinary.com/dud648ixu/image/upload/v1700131530/MaritalStatus/6555f2c13e81ea2d3823298d/6555f2c43e81ea2d3823298f/tmp-90-1700131521419.jpg']"
6555f2cf3e81ea2d38232995,6555f2ce3e81ea2d38232993,"['https://res.cloudinary.com/dud648ixu/image/upload/v1700131536/MaritalStatus/6555f2ce3e81ea2d38232993/6555f2cf3e81ea2d38232995/tmp-92-1700131534707.jpg', 'https://res.cloudinary.com/dud648ixu/image/upload/v1700131537/MaritalStatus/6555f2ce3e81ea2d38232993/6555f2cf3e81ea2d38232995/tmp-93-1700131534707.jpg', 'https://res.cloudinary.com/dud648ixu/image/upload/v1700131538/MaritalStatus/6555f2ce3e81ea2d38232993/6555f2cf3e81ea2d38232995/tmp-94-1700131534708.jpg', 'https://res.cloudinary.com/dud648ixu/image/upload/v1700131539/MaritalStatus/6555f2ce3e81ea2d38232993/6555f2cf3e81ea2d38232995/tmp-95-1700131534709.png', 'https://res.cloudinary.com/dud648ixu/image/upload/v1700131539/MaritalStatus/6555f2ce3e81ea2d38232993/6555f2cf3e81ea2d38232995/tmp-96-1700131534710.jpg', 'https://res.cloudinary.com/dud648ixu/image/upload/v1700131540/MaritalStatus/6555f2ce3e81ea2d38232993/6555f2cf3e81ea2d38232995/tmp-97-1700131534710.jpg']"
6555f2de3e81ea2d3823299b,6555f2db3e81ea2d38232999,"['https://res.cloudinary.com/dud648ixu/image/upload/v1700131550/MaritalStatus/6555f2db3e81ea2d38232999/6555f2de3e81ea2d3823299b/tmp-99-1700131547496.png', 'https://res.cloudinary.com/dud648ixu/image/upload/v1700131551/MaritalStatus/6555f2db3e81ea2d38232999/6555f2de3e81ea2d3823299b/tmp-100-1700131547498.jpg', 'https://res.cloudinary.com/dud648ixu/image/upload/v1700131552/MaritalStatus/6555f2db3e81ea2d38232999/6555f2de3e81ea2d3823299b/tmp-101-1700131547499.png', 'https://res.cloudinary.com/dud648ixu/image/upload/v1700131553/MaritalStatus/6555f2db3e81ea2d38232999/6555f2de3e81ea2d3823299b/tmp-102-1700131547500.jpg', 'https://res.cloudinary.com/dud648ixu/image/upload/v1700131555/MaritalStatus/6555f2db3e81ea2d38232999/6555f2de3e81ea2d3823299b/tmp-103-1700131547500.jpg', 'https://res.cloudinary.com/dud648ixu/image/upload/v1700131556/MaritalStatus/6555f2db3e81ea2d38232999/6555f2de3e81ea2d3823299b/tmp-104-1700131547502.jpg']"
6555f2f03e81ea2d382329a1,6555f2ed3e81ea2d3823299f,"['https://res.cloudinary.com/dud648ixu/image/upload/v1700131568/MaritalStatus/6555f2ed3e81ea2d3823299f/6555f2f03e81ea2d382329a1/tmp-106-1700131565771.jpg', 'https://res.cloudinary.com/dud648ixu/image/upload/v1700131569/MaritalStatus/6555f2ed3e81ea2d3823299f/6555f2f03e81ea2d382329a1/tmp-107-1700131565771.png', 'https://res.cloudinary.com/dud648ixu/image/upload/v1700131570/MaritalStatus/6555f2ed3e81ea2d3823299f/6555f2f03e81ea2d382329a1/tmp-108-1700131565772.png', 'https://res.cloudinary.com/dud648ixu/image/upload/v1700131572/MaritalStatus/6555f2ed3e81ea2d3823299f/6555f2f03e81ea2d382329a1/tmp-109-1700131565774.png', 'https://res.cloudinary.com/dud648ixu/image/upload/v1700131573/MaritalStatus/6555f2ed3e81ea2d3823299f/6555f2f03e81ea2d382329a1/tmp-110-1700131565777.jpg', 'https://res.cloudinary.com/dud648ixu/image/upload/v1700131574/MaritalStatus/6555f2ed3e81ea2d3823299f/6555f2f03e81ea2d382329a1/tmp-111-1700131565778.jpg']"
6555f2ff3e81ea2d382329a7,6555f2fc3e81ea2d382329a5,"['https://res.cloudinary.com/dud648ixu/image/upload/v1700131584/MaritalStatus/6555f2fc3e81ea2d382329a5/6555f2ff3e81ea2d382329a7/tmp-113-1700131580818.png', 'https://res.cloudinary.com/dud648ixu/image/upload/v1700131586/MaritalStatus/6555f2fc3e81ea2d382329a5/6555f2ff3e81ea2d382329a7/tmp-114-1700131580824.png', 'https://res.cloudinary.com/dud648ixu/image/upload/v1700131587/MaritalStatus/6555f2fc3e81ea2d382329a5/6555f2ff3e81ea2d382329a7/tmp-115-1700131580827.png', 'https://res.cloudinary.com/dud648ixu/image/upload/v1700131588/MaritalStatus/6555f2fc3e81ea2d382329a5/6555f2ff3e81ea2d382329a7/tmp-116-1700131580829.png', 'https://res.cloudinary.com/dud648ixu/image/upload/v1700131589/MaritalStatus/6555f2fc3e81ea2d382329a5/6555f2ff3e81ea2d382329a7/tmp-117-1700131580831.jpg', 'https://res.cloudinary.com/dud648ixu/image/upload/v1700131590/MaritalStatus/6555f2fc3e81ea2d382329a5/6555f2ff3e81ea2d382329a7/tmp-118-1700131580832.jpg']"
6555f3123e81ea2d382329ad,6555f30f3e81ea2d382329ab,"['https://res.cloudinary.com/dud648ixu/image/upload/v1700131603/MaritalStatus/6555f30f3e81ea2d382329ab/6555f3123e81ea2d382329ad/tmp-120-1700131599737.jpg', 'https://res.cloudinary.com/dud648ixu/image/upload/v1700131604/MaritalStatus/6555f30f3e81ea2d382329ab/6555f3123e81ea2d382329ad/tmp-121-1700131599741.png', 'https://res.cloudinary.com/dud648ixu/image/upload/v1700131605/MaritalStatus/6555f30f3e81ea2d382329ab/6555f3123e81ea2d382329ad/tmp-122-1700131599744.jpg', 'https://res.cloudinary.com/dud648ixu/image/upload/v1700131606/MaritalStatus/6555f30f3e81ea2d382329ab/6555f3123e81ea2d382329ad/tmp-123-1700131599744.jpg', 'https://res.cloudinary.com/dud648ixu/image/upload/v1700131607/MaritalStatus/6555f30f3e81ea2d382329ab/6555f3123e81ea2d382329ad/tmp-124-1700131599745.png', 'https://res.cloudinary.com/dud648ixu/image/upload/v1700131608/MaritalStatus/6555f30f3e81ea2d382329ab/6555f3123e81ea2d382329ad/tmp-125-1700131599747.jpg']"
6555f3253e81ea2d382329b3,6555f3223e81ea2d382329b1,"['https://res.cloudinary.com/dud648ixu/image/upload/v1700131621/MaritalStatus/6555f3223e81ea2d382329b1/6555f3253e81ea2d382329b3/tmp-127-1700131618427.jpg', 'https://res.cloudinary.com/dud648ixu/image/upload/v1700131622/MaritalStatus/6555f3223e81ea2d382329b1/6555f3253e81ea2d382329b3/tmp-128-1700131618429.png', 'https://res.cloudinary.com/dud648ixu/image/upload/v1700131623/MaritalStatus/6555f3223e81ea2d382329b1/6555f3253e81ea2d382329b3/tmp-129-1700131618430.jpg', 'https://res.cloudinary.com/dud648ixu/image/upload/v1700131625/MaritalStatus/6555f3223e81ea2d382329b1/6555f3253e81ea2d382329b3/tmp-130-1700131618430.jpg', 'https://res.cloudinary.com/dud648ixu/image/upload/v1700131626/MaritalStatus/6555f3223e81ea2d382329b1/6555f3253e81ea2d382329b3/tmp-131-1700131618432.png', 'https://res.cloudinary.com/dud648ixu/image/upload/v1700131627/MaritalStatus/6555f3223e81ea2d382329b1/6555f3253e81ea2d382329b3/tmp-132-1700131618433.jpg']"
6555f3313e81ea2d382329b9,6555f32e3e81ea2d382329b7,"['https://res.cloudinary.com/dud648ixu/image/upload/v1700131633/MaritalStatus/6555f32e3e81ea2d382329b7/6555f3313e81ea2d382329b9/tmp-134-1700131630806.jpg', 'https://res.cloudinary.com/dud648ixu/image/upload/v1700131634/MaritalStatus/6555f32e3e81ea2d382329b7/6555f3313e81ea2d382329b9/tmp-135-1700131630808.jpg', 'https://res.cloudinary.com/dud648ixu/image/upload/v1700131636/MaritalStatus/6555f32e3e81ea2d382329b7/6555f3313e81ea2d382329b9/tmp-136-1700131630810.jpg', 'https://res.cloudinary.com/dud648ixu/image/upload/v1700131637/MaritalStatus/6555f32e3e81ea2d382329b7/6555f3313e81ea2d382329b9/tmp-137-1700131630811.jpg', 'https://res.cloudinary.com/dud648ixu/image/upload/v1700131637/MaritalStatus/6555f32e3e81ea2d382329b7/6555f3313e81ea2d382329b9/tmp-138-1700131630812.jpg', 'https://res.cloudinary.com/dud648ixu/image/upload/v1700131639/MaritalStatus/6555f32e3e81ea2d382329b7/6555f3313e81ea2d382329b9/tmp-139-1700131630813.jpg']"
6555f3433e81ea2d382329bf,6555f3403e81ea2d382329bd,"['https://res.cloudinary.com/dud648ixu/image/upload/v1700131652/MaritalStatus/6555f3403e81ea2d382329bd/6555f3433e81ea2d382329bf/tmp-141-1700131648699.jpg', 'https://res.cloudinary.com/dud648ixu/image/upload/v1700131653/MaritalStatus/6555f3403e81ea2d382329bd/6555f3433e81ea2d382329bf/tmp-142-1700131648701.jpg', 'https://res.cloudinary.com/dud648ixu/image/upload/v1700131654/MaritalStatus/6555f3403e81ea2d382329bd/6555f3433e81ea2d382329bf/tmp-143-1700131648702.jpg', 'https://res.cloudinary.com/dud648ixu/image/upload/v1700131655/MaritalStatus/6555f3403e81ea2d382329bd/6555f3433e81ea2d382329bf/tmp-144-1700131648703.png', 'https://res.cloudinary.com/dud648ixu/image/upload/v1700131656/MaritalStatus/6555f3403e81ea2d382329bd/6555f3433e81ea2d382329bf/tmp-145-1700131648705.jpg', 'https://res.cloudinary.com/dud648ixu/image/upload/v1700131657/MaritalStatus/6555f3403e81ea2d382329bd/6555f3433e81ea2d382329bf/tmp-146-1700131648706.jpg']"
6555f34e3e81ea2d382329c5,6555f34d3e81ea2d382329c3,"['https://res.cloudinary.com/dud648ixu/image/upload/v1700131662/MaritalStatus/6555f34d3e81ea2d382329c3/6555f34e3e81ea2d382329c5/tmp-148-1700131661160.jpg', 'https://res.cloudinary.com/dud648ixu/image/upload/v1700131663/MaritalStatus/6555f34d3e81ea2d382329c3/6555f34e3e81ea2d382329c5/tmp-149-1700131661161.jpg', 'https://res.cloudinary.com/dud648ixu/image/upload/v1700131664/MaritalStatus/6555f34d3e81ea2d382329c3/6555f34e3e81ea2d382329c5/tmp-150-1700131661161.jpg', 'https://res.cloudinary.com/dud648ixu/image/upload/v1700131665/MaritalStatus/6555f34d3e81ea2d382329c3/6555f34e3e81ea2d382329c5/tmp-151-1700131661162.jpg', 'https://res.cloudinary.com/dud648ixu/image/upload/v1700131666/MaritalStatus/6555f34d3e81ea2d382329c3/6555f34e3e81ea2d382329c5/tmp-152-1700131661162.png', 'https://res.cloudinary.com/dud648ixu/image/upload/v1700131667/MaritalStatus/6555f34d3e81ea2d382329c3/6555f34e3e81ea2d382329c5/tmp-153-1700131661164.jpg']"
6555f3603e81ea2d382329cb,6555f35c3e81ea2d382329c9,"['https://res.cloudinary.com/dud648ixu/image/upload/v1700131680/MaritalStatus/6555f35c3e81ea2d382329c9/6555f3603e81ea2d382329cb/tmp-155-1700131676929.jpg', 'https://res.cloudinary.com/dud648ixu/image/upload/v1700131681/MaritalStatus/6555f35c3e81ea2d382329c9/6555f3603e81ea2d382329cb/tmp-156-1700131676930.png', 'https://res.cloudinary.com/dud648ixu/image/upload/v1700131683/MaritalStatus/6555f35c3e81ea2d382329c9/6555f3603e81ea2d382329cb/tmp-157-1700131676932.jpg', 'https://res.cloudinary.com/dud648ixu/image/upload/v1700131683/MaritalStatus/6555f35c3e81ea2d382329c9/6555f3603e81ea2d382329cb/tmp-158-1700131676933.jpg', 'https://res.cloudinary.com/dud648ixu/image/upload/v1700131685/MaritalStatus/6555f35c3e81ea2d382329c9/6555f3603e81ea2d382329cb/tmp-159-1700131676933.jpg', 'https://res.cloudinary.com/dud648ixu/image/upload/v1700131685/MaritalStatus/6555f35c3e81ea2d382329c9/6555f3603e81ea2d382329cb/tmp-160-1700131676934.jpg']"
6555f3723e81ea2d382329d1,6555f36f3e81ea2d382329cf,"['https://res.cloudinary.com/dud648ixu/image/upload/v1700131699/MaritalStatus/6555f36f3e81ea2d382329cf/6555f3723e81ea2d382329d1/tmp-162-1700131695523.png', 'https://res.cloudinary.com/dud648ixu/image/upload/v1700131700/MaritalStatus/6555f36f3e81ea2d382329cf/6555f3723e81ea2d382329d1/tmp-163-1700131695525.jpg', 'https://res.cloudinary.com/dud648ixu/image/upload/v1700131701/MaritalStatus/6555f36f3e81ea2d382329cf/6555f3723e81ea2d382329d1/tmp-164-1700131695527.jpg', 'https://res.cloudinary.com/dud648ixu/image/upload/v1700131702/MaritalStatus/6555f36f3e81ea2d382329cf/6555f3723e81ea2d382329d1/tmp-165-1700131695528.jpg', 'https://res.cloudinary.com/dud648ixu/image/upload/v1700131703/MaritalStatus/6555f36f3e81ea2d382329cf/6555f3723e81ea2d382329d1/tmp-166-1700131695530.png', 'https://res.cloudinary.com/dud648ixu/image/upload/v1700131705/MaritalStatus/6555f36f3e81ea2d382329cf/6555f3723e81ea2d382329d1/tmp-167-1700131695530.jpg']"
6555f37f3e81ea2d382329d7,6555f37e3e81ea2d382329d5,"['https://res.cloudinary.com/dud648ixu/image/upload/v1700131712/MaritalStatus/6555f37e3e81ea2d382329d5/6555f37f3e81ea2d382329d7/tmp-169-1700131709996.jpg', 'https://res.cloudinary.com/dud648ixu/image/upload/v1700131714/MaritalStatus/6555f37e3e81ea2d382329d5/6555f37f3e81ea2d382329d7/tmp-170-1700131709999.jpg', 'https://res.cloudinary.com/dud648ixu/image/upload/v1700131715/MaritalStatus/6555f37e3e81ea2d382329d5/6555f37f3e81ea2d382329d7/tmp-171-1700131709999.jpg', 'https://res.cloudinary.com/dud648ixu/image/upload/v1700131716/MaritalStatus/6555f37e3e81ea2d382329d5/6555f37f3e81ea2d382329d7/tmp-172-1700131710000.png', 'https://res.cloudinary.com/dud648ixu/image/upload/v1700131717/MaritalStatus/6555f37e3e81ea2d382329d5/6555f37f3e81ea2d382329d7/tmp-173-1700131710001.jpg', 'https://res.cloudinary.com/dud648ixu/image/upload/v1700131718/MaritalStatus/6555f37e3e81ea2d382329d5/6555f37f3e81ea2d382329d7/tmp-174-1700131710002.jpg']"
6555f3913e81ea2d382329dd,6555f38d3e81ea2d382329db,"['https://res.cloudinary.com/dud648ixu/image/upload/v1700131730/MaritalStatus/6555f38d3e81ea2d382329db/6555f3913e81ea2d382329dd/tmp-176-1700131725572.jpg', 'https://res.cloudinary.com/dud648ixu/image/upload/v1700131731/MaritalStatus/6555f38d3e81ea2d382329db/6555f3913e81ea2d382329dd/tmp-177-1700131725574.png', 'https://res.cloudinary.com/dud648ixu/image/upload/v1700131732/MaritalStatus/6555f38d3e81ea2d382329db/6555f3913e81ea2d382329dd/tmp-178-1700131725576.jpg', 'https://res.cloudinary.com/dud648ixu/image/upload/v1700131733/MaritalStatus/6555f38d3e81ea2d382329db/6555f3913e81ea2d382329dd/tmp-179-1700131725577.jpg', 'https://res.cloudinary.com/dud648ixu/image/upload/v1700131734/MaritalStatus/6555f38d3e81ea2d382329db/6555f3913e81ea2d382329dd/tmp-180-1700131725578.png', 'https://res.cloudinary.com/dud648ixu/image/upload/v1700131735/MaritalStatus/6555f38d3e81ea2d382329db/6555f3913e81ea2d382329dd/tmp-181-1700131725580.jpg']"
6555f3a23e81ea2d382329e3,6555f39e3e81ea2d382329e1,"['https://res.cloudinary.com/dud648ixu/image/upload/v1700131746/MaritalStatus/6555f39e3e81ea2d382329e1/6555f3a23e81ea2d382329e3/tmp-183-1700131742803.jpg', 'https://res.cloudinary.com/dud648ixu/image/upload/v1700131747/MaritalStatus/6555f39e3e81ea2d382329e1/6555f3a23e81ea2d382329e3/tmp-184-1700131742803.png', 'https://res.cloudinary.com/dud648ixu/image/upload/v1700131748/MaritalStatus/6555f39e3e81ea2d382329e1/6555f3a23e81ea2d382329e3/tmp-185-1700131742804.jpg', 'https://res.cloudinary.com/dud648ixu/image/upload/v1700131749/MaritalStatus/6555f39e3e81ea2d382329e1/6555f3a23e81ea2d382329e3/tmp-186-1700131742804.jpg', 'https://res.cloudinary.com/dud648ixu/image/upload/v1700131750/MaritalStatus/6555f39e3e81ea2d382329e1/6555f3a23e81ea2d382329e3/tmp-187-1700131742805.png', 'https://res.cloudinary.com/dud648ixu/image/upload/v1700131751/MaritalStatus/6555f39e3e81ea2d382329e1/6555f3a23e81ea2d382329e3/tmp-188-1700131742805.jpg']"
6555f3b33e81ea2d382329e9,6555f3b13e81ea2d382329e7,"['https://res.cloudinary.com/dud648ixu/image/upload/v1700131764/MaritalStatus/6555f3b13e81ea2d382329e7/6555f3b33e81ea2d382329e9/tmp-190-1700131761430.jpg', 'https://res.cloudinary.com/dud648ixu/image/upload/v1700131765/MaritalStatus/6555f3b13e81ea2d382329e7/6555f3b33e81ea2d382329e9/tmp-191-1700131761430.png', 'https://res.cloudinary.com/dud648ixu/image/upload/v1700131766/MaritalStatus/6555f3b13e81ea2d382329e7/6555f3b33e81ea2d382329e9/tmp-192-1700131761431.jpg', 'https://res.cloudinary.com/dud648ixu/image/upload/v1700131767/MaritalStatus/6555f3b13e81ea2d382329e7/6555f3b33e81ea2d382329e9/tmp-193-1700131761431.jpg', 'https://res.cloudinary.com/dud648ixu/image/upload/v1700131768/MaritalStatus/6555f3b13e81ea2d382329e7/6555f3b33e81ea2d382329e9/tmp-194-1700131761431.jpg', 'https://res.cloudinary.com/dud648ixu/image/upload/v1700131769/MaritalStatus/6555f3b13e81ea2d382329e7/6555f3b33e81ea2d382329e9/tmp-195-1700131761432.jpg']"
6555f3bf3e81ea2d382329ef,6555f3bc3e81ea2d382329ed,"['https://res.cloudinary.com/dud648ixu/image/upload/v1700131775/MaritalStatus/6555f3bc3e81ea2d382329ed/6555f3bf3e81ea2d382329ef/tmp-197-1700131772943.png', 'https://res.cloudinary.com/dud648ixu/image/upload/v1700131776/MaritalStatus/6555f3bc3e81ea2d382329ed/6555f3bf3e81ea2d382329ef/tmp-198-1700131772944.jpg', 'https://res.cloudinary.com/dud648ixu/image/upload/v1700131777/MaritalStatus/6555f3bc3e81ea2d382329ed/6555f3bf3e81ea2d382329ef/tmp-199-1700131772945.jpg', 'https://res.cloudinary.com/dud648ixu/image/upload/v1700131778/MaritalStatus/6555f3bc3e81ea2d382329ed/6555f3bf3e81ea2d382329ef/tmp-200-1700131772945.jpg', 'https://res.cloudinary.com/dud648ixu/image/upload/v1700131779/MaritalStatus/6555f3bc3e81ea2d382329ed/6555f3bf3e81ea2d382329ef/tmp-201-1700131772946.jpg', 'https://res.cloudinary.com/dud648ixu/image/upload/v1700131780/MaritalStatus/6555f3bc3e81ea2d382329ed/6555f3bf3e81ea2d382329ef/tmp-202-1700131772946.jpg']"
6555f3d13e81ea2d382329f5,6555f3ce3e81ea2d382329f3,"['https://res.cloudinary.com/dud648ixu/image/upload/v1700131794/MaritalStatus/6555f3ce3e81ea2d382329f3/6555f3d13e81ea2d382329f5/tmp-204-1700131790209.png', 'https://res.cloudinary.com/dud648ixu/image/upload/v1700131795/MaritalStatus/6555f3ce3e81ea2d382329f3/6555f3d13e81ea2d382329f5/tmp-205-1700131790211.jpg', 'https://res.cloudinary.com/dud648ixu/image/upload/v1700131796/MaritalStatus/6555f3ce3e81ea2d382329f3/6555f3d13e81ea2d382329f5/tmp-206-1700131790212.jpg', 'https://res.cloudinary.com/dud648ixu/image/upload/v1700131797/MaritalStatus/6555f3ce3e81ea2d382329f3/6555f3d13e81ea2d382329f5/tmp-207-1700131790212.jpg', 'https://res.cloudinary.com/dud648ixu/image/upload/v1700131798/MaritalStatus/6555f3ce3e81ea2d382329f3/6555f3d13e81ea2d382329f5/tmp-208-1700131790213.jpg', 'https://res.cloudinary.com/dud648ixu/image/upload/v1700131798/MaritalStatus/6555f3ce3e81ea2d382329f3/6555f3d13e81ea2d382329f5/tmp-209-1700131790214.jpg']"
6555f3dc3e81ea2d382329fb,6555f3da3e81ea2d382329f9,"['https://res.cloudinary.com/dud648ixu/image/upload/v1700131804/MaritalStatus/6555f3da3e81ea2d382329f9/6555f3dc3e81ea2d382329fb/tmp-211-1700131802542.jpg', 'https://res.cloudinary.com/dud648ixu/image/upload/v1700131805/MaritalStatus/6555f3da3e81ea2d382329f9/6555f3dc3e81ea2d382329fb/tmp-212-1700131802543.jpg', 'https://res.cloudinary.com/dud648ixu/image/upload/v1700131806/MaritalStatus/6555f3da3e81ea2d382329f9/6555f3dc3e81ea2d382329fb/tmp-213-1700131802543.jpg', 'https://res.cloudinary.com/dud648ixu/image/upload/v1700131807/MaritalStatus/6555f3da3e81ea2d382329f9/6555f3dc3e81ea2d382329fb/tmp-214-1700131802543.jpg', 'https://res.cloudinary.com/dud648ixu/image/upload/v1700131808/MaritalStatus/6555f3da3e81ea2d382329f9/6555f3dc3e81ea2d382329fb/tmp-215-1700131802544.jpg', 'https://res.cloudinary.com/dud648ixu/image/upload/v1700131809/MaritalStatus/6555f3da3e81ea2d382329f9/6555f3dc3e81ea2d382329fb/tmp-216-1700131802544.jpg']"
6555f3e73e81ea2d38232a01,6555f3e53e81ea2d382329ff,"['https://res.cloudinary.com/dud648ixu/image/upload/v1700131816/MaritalStatus/6555f3e53e81ea2d382329ff/6555f3e73e81ea2d38232a01/tmp-218-1700131813894.png', 'https://res.cloudinary.com/dud648ixu/image/upload/v1700131817/MaritalStatus/6555f3e53e81ea2d382329ff/6555f3e73e81ea2d38232a01/tmp-219-1700131813895.jpg', 'https://res.cloudinary.com/dud648ixu/image/upload/v1700131818/MaritalStatus/6555f3e53e81ea2d382329ff/6555f3e73e81ea2d38232a01/tmp-220-1700131813896.jpg', 'https://res.cloudinary.com/dud648ixu/image/upload/v1700131820/MaritalStatus/6555f3e53e81ea2d382329ff/6555f3e73e81ea2d38232a01/tmp-221-1700131813896.png', 'https://res.cloudinary.com/dud648ixu/image/upload/v1700131821/MaritalStatus/6555f3e53e81ea2d382329ff/6555f3e73e81ea2d38232a01/tmp-222-1700131813897.jpg', 'https://res.cloudinary.com/dud648ixu/image/upload/v1700131822/MaritalStatus/6555f3e53e81ea2d382329ff/6555f3e73e81ea2d38232a01/tmp-223-1700131813898.jpg']"
6555f3fb3e81ea2d38232a07,6555f3f83e81ea2d38232a05,"['https://res.cloudinary.com/dud648ixu/image/upload/v1700131835/MaritalStatus/6555f3f83e81ea2d38232a05/6555f3fb3e81ea2d38232a07/tmp-225-1700131832008.jpg', 'https://res.cloudinary.com/dud648ixu/image/upload/v1700131836/MaritalStatus/6555f3f83e81ea2d38232a05/6555f3fb3e81ea2d38232a07/tmp-226-1700131832008.png', 'https://res.cloudinary.com/dud648ixu/image/upload/v1700131837/MaritalStatus/6555f3f83e81ea2d38232a05/6555f3fb3e81ea2d38232a07/tmp-227-1700131832011.jpg', 'https://res.cloudinary.com/dud648ixu/image/upload/v1700131839/MaritalStatus/6555f3f83e81ea2d38232a05/6555f3fb3e81ea2d38232a07/tmp-228-1700131832012.jpg', 'https://res.cloudinary.com/dud648ixu/image/upload/v1700131840/MaritalStatus/6555f3f83e81ea2d38232a05/6555f3fb3e81ea2d38232a07/tmp-229-1700131832012.jpg', 'https://res.cloudinary.com/dud648ixu/image/upload/v1700131841/MaritalStatus/6555f3f83e81ea2d38232a05/6555f3fb3e81ea2d38232a07/tmp-230-1700131832013.jpg']"
6555f40b3e81ea2d38232a0d,6555f4073e81ea2d38232a0b,"['https://res.cloudinary.com/dud648ixu/image/upload/v1700131852/MaritalStatus/6555f4073e81ea2d38232a0b/6555f40b3e81ea2d38232a0d/tmp-232-1700131847912.png', 'https://res.cloudinary.com/dud648ixu/image/upload/v1700131854/MaritalStatus/6555f4073e81ea2d38232a0b/6555f40b3e81ea2d38232a0d/tmp-233-1700131847918.png', 'https://res.cloudinary.com/dud648ixu/image/upload/v1700131855/MaritalStatus/6555f4073e81ea2d38232a0b/6555f40b3e81ea2d38232a0d/tmp-234-1700131847919.jpg', 'https://res.cloudinary.com/dud648ixu/image/upload/v1700131856/MaritalStatus/6555f4073e81ea2d38232a0b/6555f40b3e81ea2d38232a0d/tmp-235-1700131847920.jpg', 'https://res.cloudinary.com/dud648ixu/image/upload/v1700131858/MaritalStatus/6555f4073e81ea2d38232a0b/6555f40b3e81ea2d38232a0d/tmp-236-1700131847920.png', 'https://res.cloudinary.com/dud648ixu/image/upload/v1700131859/MaritalStatus/6555f4073e81ea2d38232a0b/6555f40b3e81ea2d38232a0d/tmp-237-1700131847923.jpg']"
6555f4183e81ea2d38232a13,6555f4173e81ea2d38232a11,"['https://res.cloudinary.com/dud648ixu/image/upload/v1700131865/MaritalStatus/6555f4173e81ea2d38232a11/6555f4183e81ea2d38232a13/tmp-239-1700131863113.png', 'https://res.cloudinary.com/dud648ixu/image/upload/v1700131866/MaritalStatus/6555f4173e81ea2d38232a11/6555f4183e81ea2d38232a13/tmp-240-1700131863115.jpg', 'https://res.cloudinary.com/dud648ixu/image/upload/v1700131867/MaritalStatus/6555f4173e81ea2d38232a11/6555f4183e81ea2d38232a13/tmp-241-1700131863115.jpg', 'https://res.cloudinary.com/dud648ixu/image/upload/v1700131868/MaritalStatus/6555f4173e81ea2d38232a11/6555f4183e81ea2d38232a13/tmp-242-1700131863116.jpg', 'https://res.cloudinary.com/dud648ixu/image/upload/v1700131869/MaritalStatus/6555f4173e81ea2d38232a11/6555f4183e81ea2d38232a13/tmp-243-1700131863116.jpg', 'https://res.cloudinary.com/dud648ixu/image/upload/v1700131870/MaritalStatus/6555f4173e81ea2d38232a11/6555f4183e81ea2d38232a13/tmp-244-1700131863117.jpg']"
6555f4243e81ea2d38232a19,6555f4223e81ea2d38232a17,"['https://res.cloudinary.com/dud648ixu/image/upload/v1700131876/MaritalStatus/6555f4223e81ea2d38232a17/6555f4243e81ea2d38232a19/tmp-246-1700131874040.jpg', 'https://res.cloudinary.com/dud648ixu/image/upload/v1700131877/MaritalStatus/6555f4223e81ea2d38232a17/6555f4243e81ea2d38232a19/tmp-247-1700131874041.jpg', 'https://res.cloudinary.com/dud648ixu/image/upload/v1700131878/MaritalStatus/6555f4223e81ea2d38232a17/6555f4243e81ea2d38232a19/tmp-248-1700131874043.jpg', 'https://res.cloudinary.com/dud648ixu/image/upload/v1700131879/MaritalStatus/6555f4223e81ea2d38232a17/6555f4243e81ea2d38232a19/tmp-249-1700131874044.jpg', 'https://res.cloudinary.com/dud648ixu/image/upload/v1700131880/MaritalStatus/6555f4223e81ea2d38232a17/6555f4243e81ea2d38232a19/tmp-250-1700131874044.jpg', 'https://res.cloudinary.com/dud648ixu/image/upload/v1700131881/MaritalStatus/6555f4223e81ea2d38232a17/6555f4243e81ea2d38232a19/tmp-251-1700131874044.jpg']"
6555f4373e81ea2d38232a1f,6555f4333e81ea2d38232a1d,"['https://res.cloudinary.com/dud648ixu/image/upload/v1700131895/MaritalStatus/6555f4333e81ea2d38232a1d/6555f4373e81ea2d38232a1f/tmp-253-1700131891648.jpg', 'https://res.cloudinary.com/dud648ixu/image/upload/v1700131896/MaritalStatus/6555f4333e81ea2d38232a1d/6555f4373e81ea2d38232a1f/tmp-254-1700131891650.jpg', 'https://res.cloudinary.com/dud648ixu/image/upload/v1700131897/MaritalStatus/6555f4333e81ea2d38232a1d/6555f4373e81ea2d38232a1f/tmp-255-1700131891650.jpg', 'https://res.cloudinary.com/dud648ixu/image/upload/v1700131898/MaritalStatus/6555f4333e81ea2d38232a1d/6555f4373e81ea2d38232a1f/tmp-256-1700131891651.jpg', 'https://res.cloudinary.com/dud648ixu/image/upload/v1700131899/MaritalStatus/6555f4333e81ea2d38232a1d/6555f4373e81ea2d38232a1f/tmp-257-1700131891651.jpg', 'https://res.cloudinary.com/dud648ixu/image/upload/v1700131901/MaritalStatus/6555f4333e81ea2d38232a1d/6555f4373e81ea2d38232a1f/tmp-258-1700131891651.jpg']"
6555f44a3e81ea2d38232a25,6555f4473e81ea2d38232a23,"['https://res.cloudinary.com/dud648ixu/image/upload/v1700131915/MaritalStatus/6555f4473e81ea2d38232a23/6555f44a3e81ea2d38232a25/tmp-260-1700131911050.png', 'https://res.cloudinary.com/dud648ixu/image/upload/v1700131916/MaritalStatus/6555f4473e81ea2d38232a23/6555f44a3e81ea2d38232a25/tmp-261-1700131911055.jpg', 'https://res.cloudinary.com/dud648ixu/image/upload/v1700131917/MaritalStatus/6555f4473e81ea2d38232a23/6555f44a3e81ea2d38232a25/tmp-262-1700131911056.jpg', 'https://res.cloudinary.com/dud648ixu/image/upload/v1700131918/MaritalStatus/6555f4473e81ea2d38232a23/6555f44a3e81ea2d38232a25/tmp-263-1700131911056.jpg', 'https://res.cloudinary.com/dud648ixu/image/upload/v1700131919/MaritalStatus/6555f4473e81ea2d38232a23/6555f44a3e81ea2d38232a25/tmp-264-1700131911057.jpg', 'https://res.cloudinary.com/dud648ixu/image/upload/v1700131920/MaritalStatus/6555f4473e81ea2d38232a23/6555f44a3e81ea2d38232a25/tmp-265-1700131911058.jpg']"
6555f4563e81ea2d38232a2b,6555f4553e81ea2d38232a29,"['https://res.cloudinary.com/dud648ixu/image/upload/v1700131927/MaritalStatus/6555f4553e81ea2d38232a29/6555f4563e81ea2d38232a2b/tmp-267-1700131925277.png', 'https://res.cloudinary.com/dud648ixu/image/upload/v1700131928/MaritalStatus/6555f4553e81ea2d38232a29/6555f4563e81ea2d38232a2b/tmp-268-1700131925280.jpg', 'https://res.cloudinary.com/dud648ixu/image/upload/v1700131929/MaritalStatus/6555f4553e81ea2d38232a29/6555f4563e81ea2d38232a2b/tmp-269-1700131925280.jpg', 'https://res.cloudinary.com/dud648ixu/image/upload/v1700131930/MaritalStatus/6555f4553e81ea2d38232a29/6555f4563e81ea2d38232a2b/tmp-270-1700131925281.jpg', 'https://res.cloudinary.com/dud648ixu/image/upload/v1700131931/MaritalStatus/6555f4553e81ea2d38232a29/6555f4563e81ea2d38232a2b/tmp-271-1700131925281.jpg', 'https://res.cloudinary.com/dud648ixu/image/upload/v1700131932/MaritalStatus/6555f4553e81ea2d38232a29/6555f4563e81ea2d38232a2b/tmp-272-1700131925282.jpg']"
6555f4623e81ea2d38232a31,6555f4613e81ea2d38232a2f,"['https://res.cloudinary.com/dud648ixu/image/upload/v1700131939/MaritalStatus/6555f4613e81ea2d38232a2f/6555f4623e81ea2d38232a31/tmp-274-1700131937411.jpg', 'https://res.cloudinary.com/dud648ixu/image/upload/v1700131940/MaritalStatus/6555f4613e81ea2d38232a2f/6555f4623e81ea2d38232a31/tmp-275-1700131937412.jpg', 'https://res.cloudinary.com/dud648ixu/image/upload/v1700131941/MaritalStatus/6555f4613e81ea2d38232a2f/6555f4623e81ea2d38232a31/tmp-276-1700131937413.jpg', 'https://res.cloudinary.com/dud648ixu/image/upload/v1700131942/MaritalStatus/6555f4613e81ea2d38232a2f/6555f4623e81ea2d38232a31/tmp-277-1700131937414.jpg', 'https://res.cloudinary.com/dud648ixu/image/upload/v1700131943/MaritalStatus/6555f4613e81ea2d38232a2f/6555f4623e81ea2d38232a31/tmp-278-1700131937414.jpg', 'https://res.cloudinary.com/dud648ixu/image/upload/v1700131944/MaritalStatus/6555f4613e81ea2d38232a2f/6555f4623e81ea2d38232a31/tmp-279-1700131937415.jpg']"
6555f46e3e81ea2d38232a37,6555f46c3e81ea2d38232a35,"['https://res.cloudinary.com/dud648ixu/image/upload/v1700131950/MaritalStatus/6555f46c3e81ea2d38232a35/6555f46e3e81ea2d38232a37/tmp-281-1700131948459.jpg', 'https://res.cloudinary.com/dud648ixu/image/upload/v1700131951/MaritalStatus/6555f46c3e81ea2d38232a35/6555f46e3e81ea2d38232a37/tmp-282-1700131948461.png', 'https://res.cloudinary.com/dud648ixu/image/upload/v1700131952/MaritalStatus/6555f46c3e81ea2d38232a35/6555f46e3e81ea2d38232a37/tmp-283-1700131948462.jpg', 'https://res.cloudinary.com/dud648ixu/image/upload/v1700131953/MaritalStatus/6555f46c3e81ea2d38232a35/6555f46e3e81ea2d38232a37/tmp-284-1700131948462.jpg', 'https://res.cloudinary.com/dud648ixu/image/upload/v1700131954/MaritalStatus/6555f46c3e81ea2d38232a35/6555f46e3e81ea2d38232a37/tmp-285-1700131948463.png', 'https://res.cloudinary.com/dud648ixu/image/upload/v1700131955/MaritalStatus/6555f46c3e81ea2d38232a35/6555f46e3e81ea2d38232a37/tmp-286-1700131948465.jpg']"
6555f4803e81ea2d38232a3d,6555f47d3e81ea2d38232a3b,"['https://res.cloudinary.com/dud648ixu/image/upload/v1700131968/MaritalStatus/6555f47d3e81ea2d38232a3b/6555f4803e81ea2d38232a3d/tmp-288-1700131965013.jpg', 'https://res.cloudinary.com/dud648ixu/image/upload/v1700131969/MaritalStatus/6555f47d3e81ea2d38232a3b/6555f4803e81ea2d38232a3d/tmp-289-1700131965015.png', 'https://res.cloudinary.com/dud648ixu/image/upload/v1700131970/MaritalStatus/6555f47d3e81ea2d38232a3b/6555f4803e81ea2d38232a3d/tmp-290-1700131965016.jpg', 'https://res.cloudinary.com/dud648ixu/image/upload/v1700131971/MaritalStatus/6555f47d3e81ea2d38232a3b/6555f4803e81ea2d38232a3d/tmp-291-1700131965017.jpg', 'https://res.cloudinary.com/dud648ixu/image/upload/v1700131972/MaritalStatus/6555f47d3e81ea2d38232a3b/6555f4803e81ea2d38232a3d/tmp-292-1700131965017.jpg', 'https://res.cloudinary.com/dud648ixu/image/upload/v1700131973/MaritalStatus/6555f47d3e81ea2d38232a3b/6555f4803e81ea2d38232a3d/tmp-293-1700131965018.jpg']"
